NOM;PRENOM;N°Etu;EMAIL;TEL
CHEN;Michel;22202655;michel.chen@etu.u-paris.fr;066171294
CHIV;Henri;22205265;henri.chiv@etu.u-paris.fr;0783038262
DUONG;Viet Thanh;22234334;viet-thanh.duong@etu.u-paris.fr;0615331073
LIN;Qinghui;22234892;qinghui.lin@etu.u-paris.fr;0767688308
NGUYEN;Duc Vinh;22208503;dvnguyen1003@gmail.com;0666500531
LIU;Shiqi;22211216;shiqi.liu@etu.u-paris.fr;0783770168